'Rehabilitarán espacios cercanos al aeropuerto de Santa Lucía', 2021-03-03
'Se reúne titular de SSPC con presunto líder de banda rumana', 2021-03-03
'Asegura Rosendo Salgado que sigue siendo delegado presidente de Morena en Durango', 2021-03-03
'Denuncian ante Fiscalía de CDMX a youtuber YosStop por pornografía infantil', 2021-03-03
'Sorprende a Eagle Pass y Piedras Negras apertura económica de Texas', 2021-03-03
'Inicia en dos semanas vacunación de adultos mayores en Acuña', 2021-03-03
'Analizan Eagle Pass y Piedras Negras ampliación de carriles en puente internacional', 2021-03-03
'Chivas consigue empate de último minuto frente a Querétaro', 2021-03-03
'Greg Vanney elogia condición física de ‘Chicharito’ Hernández', 2021-03-03
'Ratifica SCJN a América Móvil como agente económico preponderante', 2021-03-03
'No se ha modificado el certificado de afiliación en Cruz Azul: Mikel Arriola', 2021-03-03
'El padre de Britney Spears asegura 'nada le gustaría más' que poder terminar su tutela', 2021-03-03
'Patrulla Fronteriza advierte 'tendencia creciente' de menores que cruzan a EUA', 2021-03-03
'Palacio de Buckingham investiga acusación contra Meghan Markle', 2021-03-03
'Cobra Kai arranca grabaciones de la cuarta temporada', 2021-03-03
'Asistentes de la realeza acusan a Meghan Markle de acoso laboral', 2021-03-03
'Katie Ledecky regresa con la mejor marca mundial de natación del 2021', 2021-03-03
'Jenni Rivera tendrá su propia caricatura', 2021-03-03
'Leipzig derrota a Wolfsburg y se encamina a semifinales de la Copa de Alemania', 2021-03-03
'Renuncia Ricardo Sheffield a Profeco; buscará contender por alcaldía de León', 2021-03-03
'Reporta México 188 mil 044 decesos por COVID-19', 2021-03-03
'¿Cuándo termina la pandemia según Mhoni Vidente?', 2021-03-03
'Fallece madre de Rocío Nahle, titular de Energía', 2021-03-03
'Ciclista es arrollado y golpeado tras robar celular a joven peatón', 2021-03-03
'Lille vence a Marseille y se afianza como líder de la Ligue 1', 2021-03-03
'Presenta Alonso Ancira amparo; busca que prescriba delito de lavado', 2021-03-03
'Keylor Navas revela motivos que lo orillaron dejar al Real Madrid', 2021-03-03
'Detienen a 201 migrantes en Chiapas', 2021-03-03
'Japón decidirá a finales de marzo si admitirán extranjeros para Tokio 2020', 2021-03-03
'Rechaza San Lázaro dar a conocer expediente de desafuero contra Cabeza de Vaca', 2021-03-03
'Nave de Spacex logra aterrizaje 'exitoso' y explota después', 2021-03-03
'Barcelona vence al Sevilla en prórroga y avanza a final de Copa del Rey', 2021-03-03
'Reanudarán bodas comunitarias gay en Saltillo', 2021-03-03
'Va Alianza Federalista por atracción de inversiones', 2021-03-03
'Sassuolo frustra al Napoli en el último suspiro', 2021-03-03
'Se perdió más en Coahuila por apagones que por pandemia', 2021-03-03
'Comerciantes impulsan voto con campaña en México', 2021-03-03
'Muere por COVID nuevo presidente de Canacintra Monclova', 2021-03-03
'Bravos y Rayados buscan cortar su mala racha', 2021-03-03
'Piden transportistas de Monclova descuento en pago de concesión por COVID', 2021-03-03
'Aprueban diputados reforma para aumentar salario mínimo sobre inflación', 2021-03-03
'Motociclista rescata a bebé en andador que rodó sobre una calle empinada', 2021-03-03
'Contrajeron Coahuila y Durango más deuda en el 2020', 2021-03-03
'Cámara Baja de EUA suspende sesión del jueves por alerta de nuevo asalto al Capitolio', 2021-03-03
'Obispos de EUA piden evitar vacuna antiCOVID por 'células de fetos abortados'', 2021-03-03
'Judicializan investigación contra exadministrador del sistema anticorrupción de Durango', 2021-03-03
'Árboles del Parque Morelos en Gómez Palacio se secan, denuncian ciudadanos', 2021-03-03
'Síndico Omar Castañeda exigió a auditor de Durango su renuncia 4 meses atrás', 2021-03-03
'Rechaza colegio de Monclova abrir en pandemia si no vacunan a profesores', 2021-03-03
'Con gol de Aouar mantiene al Lyon en la pelea por la Ligue 1', 2021-03-03
'Alemania reabrirá el lunes algunos comercios no esenciales', 2021-03-03
'Brasil bate récord de muertes por COVID-19 con mil 910 en las últimas 24 horas', 2021-03-03
'Clausuran bar 'Don Crudelio' en Matamoros', 2021-03-03
'Mañana llegan vacunas antiCOVID a Lerdo para atender adultos mayores: alcalde', 2021-03-03
'Entregan composta y nogales de reposición a productores del campo gomezpalatino', 2021-03-03
'Sin Mbappé, Sarabia fue suficiente para sujetar al PSG frente al Burdeaux', 2021-03-03
'Accidente en colonia San Isidro de Torreón deja daños materiales', 2021-03-03
'Continúa FGR con investigaciones de la Aduana de Piedras Negras', 2021-03-03
'Graban a dos palomas empujando a otra paloma hacia un tren en movimiento y se vuelven virales', 2021-03-03
'Milan tropieza contra el Udinese en la Serie A', 2021-03-03
'Hombre aprovecha que una vendedora se quedó dormida y roba su tienda', 2021-03-03
'Aislinn Derbez y Ryan Reynolds comparten pantalla en nuevo proyecto', 2021-03-03
'Detienen a cuatro por asesinato del presidente de Coparmex en San Luis Potosí', 2021-03-03
'Crystal Palace y Manchester United empatan sin goles', 2021-03-03
'Mujer se vuelve millonaria tras encontrar vómito de ballena', 2021-03-03
'Encuentran al titanosaurio más antiguo en Argentina', 2021-03-03
'Muere Joe Altobelli, último manager campeón de Orioles de Baltimore', 2021-03-03
'Sergio Pérez le enseña groserías mexicanas a Max Verstappen ', 2021-03-03
'Las bebidas 'descafeinadas' que contienen cafeína, según Profeco', 2021-03-03
'Con aforo reducido, conciertos regresarán a Nueva York', 2021-03-03
''Influencer' se tatúa código QR para abrir su Instagram y no funciona', 2021-03-03
'Ocupación hospitalaria en Saltillo determinó apertura de salones de baile', 2021-03-03
'Hallan 6 cuerpos vestidos con equipo táctico en Reynosa', 2021-03-03
'Dos hombres encapuchados golpean y asaltan a un adulto mayor en plena calle', 2021-03-03
'Migrantes de accidente en California entraron a EUA por hueco en valla fronteriza', 2021-03-03
'Insisten taxistas en operativos contra aplicaciones de transporte en Saltillo', 2021-03-03
'Erik Rubín cuenta su romance fugaz con Salma Hayek', 2021-03-03
'Precisa Simas Torreón nuevos horarios de oficinas', 2021-03-03
'Kim Kardashian crea 'outfit' para iguana de su hija North', 2021-03-03
'Dictan sentencia a sujeto por delito de privación de la libertad en Torreón', 2021-03-03
'Durango supera los 31 mil contagios por COVID-19', 2021-03-03
'¿Qué universidades se ubican este 2021 como las mejores del mundo?', 2021-03-03
'Fitch Ratings continuará calificaciones internacionales sobre Pemex', 2021-03-03
'Va Bloque de Contención contra reforma eléctrica ', 2021-03-03
'Facebook retoma los anuncios políticos en su plataforma en EUA', 2021-03-03
'Sale del rojo porcentaje semanal de positividad al COVID-19 en La Laguna', 2021-03-03
'Barbosa acusa que Insabi sigue sin enviar medicamentos a Puebla', 2021-03-03
'Resolverán este jueves si abren o no el TSM a la afición', 2021-03-03
'Detienen a sujeto que vendía 'vacunas' antiCOVID en Tonalá', 2021-03-03
'Candidato de Movimiento Ciudadano en Chihuahua denuncia intimidación del Ejército', 2021-03-03
'Ambicioso plan de rescate de Biden llega al Senado', 2021-03-03
'Exigen a México justicia por asesinato de civil a manos de militares en Tamaulipas', 2021-03-03
'Presentan Ruta al Señor de las Noas de ciclismo de montaña 2021', 2021-03-03
'Auditor responsable de 'pifia' del Aeropuerto de Texcoco comparecerá el martes', 2021-03-03
'Marlines pactan con Gio González', 2021-03-03
'Diego Lainez lleva 'un año muy bueno', con 'más regularidad y madurez'', 2021-03-03
'Mexicano Carlos López Estrada dirigió Raya y el último dragón; Danna pone voz', 2021-03-03
'Roban el área de sanitarios de la Plaza de Armas de Torreón', 2021-03-03
'Jinete de carreras y su entrenador montan un caballo muerto y lo comparten en redes', 2021-03-03
'Tacha Biden de 'pensamiento neandertal' levantar orden de llevar tapabocas', 2021-03-03
'Habrá dos nuevas temporadas de Los Simpson', 2021-03-03
'Descubren 'pez pene' en playas de Australia', 2021-03-03
'Tom Brady ‘no estaba pensando’ cuando lanzó el trofeo Vince Lombardi', 2021-03-03
'Cancillería mexicana indaga 'turismo de vacunas' en consulado en Texas', 2021-03-03
'Mario Casas se acerca al Goya; 'los premios son algo secundario', dice', 2021-03-03
'Andrew Cuomo pide perdón; asegura que no dimitirá', 2021-03-03
'Instalan módulo para recaudar firmas y presentar denuncia contra exalcalde de Lerdo', 2021-03-03
'Temen que reforma eléctrica ponga en riesgo proyectos para Lerdo', 2021-03-03
'Oficializan a Lupita Jones como candidata a gubernatura de Baja California', 2021-03-03
'Emilio Fernando Alonso regresa a la TV; narrará el Pumas Vs. Santos', 2021-03-03
'¿La esposa de Tom Brady quiere que se retire de la NFL?', 2021-03-03
'Netflix alista primera serie animada sobre 'Astérix'', 2021-03-03
'Buscan republicanos bloquear a postulado de Biden para Salud', 2021-03-03
'Exhiben a ratas bebés en sección de verduras de supermercado', 2021-03-03
'Donan 95 mil pesos a la Cruz Roja de Torreón', 2021-03-03
'Dolly Parton recibe vacuna contra el COVID-19 que ella misma financió', 2021-03-03
'Los Dos Carnales anuncian colaboración con Camilo', 2021-03-03
'Reportan ocho heridos en ataque terrorista en Suecia', 2021-03-03
'Captan huracán espacial girando sobre el Polo Norte', 2021-03-03
'México presentará nuevo plan de seguridad a EUA, anuncia Ebrard', 2021-03-03
'Banxico prevé crecimiento de entre 2.8% y hasta 6.7% para México en 2021', 2021-03-03
'Aseguran que Navalni se encuentra en cuarentena en prisión preventiva', 2021-03-03
'Seis actores que le dieron brevemente y sin éxito un giro diferente a su carrera', 2021-03-03
''The Magic' Alamo contra 'El Barretero' Beltrán un combate de 'candela pura'', 2021-03-03
'Entre aplausos y lágrimas despiden a enfermero que murió por COVID', 2021-03-03
'Cruz Azul no convoca a Jesús Corona para enfrentar a Mazatlán', 2021-03-03
'Jackie Nava festejará dos décadas en el ring', 2021-03-03
'Obtiene FGE nuevas pistas sobre el ataque a joven en Monclova', 2021-03-03
'Lucha libre regresa a Matamoros', 2021-03-03
'Fichan a Paola Núñez, Pedro Pascal y Rosario Dawson en serie Calls', 2021-03-03
'Autobús se impacta contra poste de concreto en Torreón', 2021-03-03
'Sujeto armado asalta farmacia en Torreón', 2021-03-03
'Montserrat Oliver revela que de niña sufrió 'tocamientos inapropiados'', 2021-03-03
'Aston Martin presenta su monoplaza del 2021', 2021-03-03
'Revelan que exmédico de Casa Blanca hizo comentarios sexuales a subordinados', 2021-03-03
'Pide EUA a México 'transparencia' sobre reforma eléctrica', 2021-03-03
'Ebrard anuncia llegada de más vacunas a México para la segunda quincena de marzo', 2021-03-03
'Declaraciones de Miguel Herrera no han caído nada bien en el América ', 2021-03-03
'Choque en California sucedió en área de cruces fronterizos', 2021-03-03
'Muere en accidente Álex Casademunt, concursante de Operación Triunfo', 2021-03-03
'Reporta Coahuila 15 muertes y 120 nuevos casos de COVID-19', 2021-03-03
'Supera España las 70 mil muertes por COVID-19', 2021-03-03
'Néstor Araújo sufre lesión y es baja para Celta de Vigo', 2021-03-03
'Pagará más de 120 mdp AHMSA al CEAS y Simas', 2021-03-03
'Abogado tenía secuestrado a Maradona: exesposa de Diego', 2021-03-03
'Prematura y acelerada la apertura económica del Estado de Texas: alcalde de Piedras Negras', 2021-03-03
'Hospitalizan a 'El Komander' por fuerte infección', 2021-03-03
'Buena noticia que se considere Lerdo en siguiente etapa de vacunación: Homero Martínez', 2021-03-03
'Pide Guaidó ingreso del Programa Mundial de Alimentos a Venezuela', 2021-03-03
'Prevén regreso del público al Estadio Corona este domingo', 2021-03-03
'¿Quién es Diego Santoy, el 'asesino de Cumbres'?', 2021-03-03
'Indigente recibe corte de cabello gratis y el cambio sorprende en la red', 2021-03-03
'Anuncia Walmart plan de 350 mmdd para reforzar producción en EUA', 2021-03-03
''Nacho' Ambriz, desesperado por crisis en León', 2021-03-03
'Camila Cabello recibe tierno mensaje de Shawn Mendes por sus 24 años', 2021-03-03
'Violencia policial en EUA, 30 años después de la paliza a Rodney King', 2021-03-03
'Pumas quiere romper la mala racha ante Santos Laguna', 2021-03-03
'¿Quién es la hija del exgobernador Roberto Sandoval?', 2021-03-03
'Niña se cuela a la reunión virtual de trabajo de su padre', 2021-03-03
'Vacunación de adultos mayores en Acuña iniciará en 15 días', 2021-03-03
'Por racismo, jugador de FIFA es expulsado de por vida de EA Sports', 2021-03-03
'Reportan avistamiento de cachorro de tigre blanco en colonia de Durango', 2021-03-03
'Sedena realiza rotación de mandos en jefatura del Estado Mayor', 2021-03-03
'Instalarán Brigadas de Salud en Matamoros', 2021-03-03
'Hermanas de rey español se vacunan contra COVID-19 en Emiratos', 2021-03-03
'Misteriosa criatura marina aparece en una playa de Gales', 2021-03-03
'Niña de 13 pierde la vida tras regresar a clases presenciales', 2021-03-03
'Sobreviviente del Club Chapecoense se escapa otra vez de la muerte', 2021-03-03
'Incluye EUA al mexicano Abouzaid El Bayeh en lista de narcos internacionales', 2021-03-03
'Certamen Miss Universo ya tiene fecha de su edición 2021', 2021-03-03
'Padre le corta el cuello a su hijo para ofrecerlo como sacrificio humano', 2021-03-03
'¿Cuál es la polémica entre Giovani dos Santos y Miguel Herrera?', 2021-03-03
'Renegociará AMLO contratos de CFE; señala pagos injustos por 300 mil mdp', 2021-03-03
'Radical corte que le hicieron a su mascota se hace viral', 2021-03-03
'Alerta Policía de plan de milicia para irrumpir en el Capitolio de EUA', 2021-03-03
'Coahuilense colaboró en la película Raya y el último dragón de Disney', 2021-03-03
'Condena UE violencia en Birmania; registra 10 muertos más', 2021-03-03
'Rechazan ser vacunados la mitad de las personas de la tercera edad en Juárez Coahuila', 2021-03-03
'Mujer graba casi por error la propuesta de matrimonio sorpresa de su novio', 2021-03-03
'Suben registros en seguro médico reanudado por Biden', 2021-03-03
'Monitoreo a pacientes COVID', 2021-03-03
'Natasha Dupeyrón alza la voz por la legalización del aborto', 2021-03-03
'Seis meses tardó en descubrir que había un desconocido en su grupo familiar de WhatsApp', 2021-03-03
'Policía revela detalles sobre el sumario del 'Barcagate'', 2021-03-03
'Garantiza AMLO 'libertad' en manifestaciones del Día de la Mujer', 2021-03-03
'Reabre sus puertas el Museo Soumaya de la CDMX', 2021-03-03
'Enero registró más de 30 homicidios en Coahuila', 2021-03-03
'Indigna en Irán aparición de actriz para adultos en video musical', 2021-03-03
'En espera de segundas dosis para personal médico de Coahuila', 2021-03-03
''No estoy en contra del movimiento feminista', asegura AMLO', 2021-03-03
''No es expropiar por expropiar', dice AMLO sobre su reforma eléctrica', 2021-03-03
'Kendall Jenner desata polémica en México con su marca de tequila', 2021-03-03
'Esposa de Roberto Sandoval pide a AMLO detener 'persecución política'', 2021-03-03
'Aston Martin revela su nuevo monoplaza denominado AMR21', 2021-03-03
'Coahuila mantiene 5 casos de reacción a vacuna contra COVID-19', 2021-03-03
'Terremoto de 6 grados sacude a Grecia central; hay tres heridos', 2021-03-03
'Pelé se convierte en socio honorífico del Vasco da Gama', 2021-03-03
'Rechaza AMLO violación a la ley en nuevo acuerdo con Odebrecht', 2021-03-03
'Carlos Rivera actuará por primera vez en el festival español Starlite', 2021-03-03
'Inicia peso mexicano con peor comportamiento frente al dólar', 2021-03-03
